[{"model": "inventory.itemcategory", "pk": 5, "fields": {"name": "Impresora", "is_active": true}}, {"model": "inventory.itemcategory", "pk": 6, "fields": {"name": "Laptop", "is_active": true}}, {"model": "inventory.itemcategory", "pk": 7, "fields": {"name": "Computadora", "is_active": true}}, {"model": "inventory.itemcategory", "pk": 8, "fields": {"name": "Microscopio", "is_active": true}}, {"model": "inventory.itemcategory", "pk": 9, "fields": {"name": "Insumos", "is_active": true}}, {"model": "inventory.itemcategory", "pk": 10, "fields": {"name": "Reactivos", "is_active": true}}, {"model": "inventory.itemcategory", "pk": 12, "fields": {"name": "020202020", "is_active": false}}, {"model": "inventory.measureunit", "pk": 1, "fields": {"name": "ml", "is_active": true}}, {"model": "inventory.measureunit", "pk": 2, "fields": {"name": "Unidad", "is_active": true}}, {"model": "inventory.measureunit", "pk": 4, "fields": {"name": "C/U", "is_active": true}}, {"model": "inventory.measureunit", "pk": 5, "fields": {"name": "Pieza", "is_active": true}}, {"model": "inventory.measureunit", "pk": 6, "fields": {"name": "Litro", "is_active": true}}, {"model": "inventory.measureunit", "pk": 7, "fields": {"name": "Paquete", "is_active": true}}, {"model": "inventory.brand", "pk": 11, "fields": {"name": "amScope", "is_active": true}}, {"model": "inventory.brand", "pk": 12, "fields": {"name": "GROSSMED", "is_active": true}}, {"model": "inventory.brand", "pk": 13, "fields": {"name": "Intel", "is_active": true}}, {"model": "inventory.brand", "pk": 14, "fields": {"name": "HP", "is_active": true}}, {"model": "inventory.brand", "pk": 20, "fields": {"name": "BioPette", "is_active": true}}, {"model": "inventory.brand", "pk": 21, "fields": {"name": "Mindray", "is_active": true}}, {"model": "inventory.brand", "pk": 22, "fields": {"name": "DS", "is_active": true}}, {"model": "inventory.brand", "pk": 23, "fields": {"name": "Kalstein", "is_active": true}}, {"model": "inventory.brand", "pk": 24, "fields": {"name": "Roche (Combur-Test)", "is_active": true}}, {"model": "inventory.brand", "pk": 25, "fields": {"name": "BD Vacutainer", "is_active": true}}, {"model": "inventory.brand", "pk": 26, "fields": {"name": "Any brand (genérica)", "is_active": true}}, {"model": "inventory.brand", "pk": 27, "fields": {"name": "Boule Diagnostics", "is_active": true}}, {"model": "inventory.brand", "pk": 28, "fields": {"name": "Genérica", "is_active": true}}, {"model": "inventory.model", "pk": 16, "fields": {"name": "M111W", "brand": 14, "is_active": true}}, {"model": "inventory.model", "pk": 17, "fields": {"name": "T490", "brand": 11, "is_active": true}}, {"model": "inventory.model", "pk": 18, "fields": {"name": "EAN13", "brand": 12, "is_active": true}}, {"model": "inventory.model", "pk": 19, "fields": {"name": "Intel Core i5 5600K", "brand": 13, "is_active": true}}, {"model": "inventory.model", "pk": 20, "fields": {"name": "EDTA K2", "brand": 21, "is_active": true}}, {"model": "inventory.model", "pk": 21, "fields": {"name": "Diluente de Hematología", "brand": 21, "is_active": true}}, {"model": "inventory.model", "pk": 22, "fields": {"name": "Lisante Boule", "brand": 27, "is_active": true}}, {"model": "inventory.model", "pk": 23, "fields": {"name": "Kit de Hemoglobina", "brand": 23, "is_active": true}}, {"model": "inventory.model", "pk": 24, "fields": {"name": "Kit HCT", "brand": 23, "is_active": true}}, {"model": "inventory.model", "pk": 25, "fields": {"name": "Combur-Test", "brand": 24, "is_active": true}}, {"model": "inventory.model", "pk": 26, "fields": {"name": "Tubos de Orina con Conservante", "brand": 25, "is_active": true}}, {"model": "inventory.model", "pk": 27, "fields": {"name": "Generica", "brand": 28, "is_active": true}}, {"model": "inventory.item", "pk": 18, "fields": {"code": "ART00018", "name": "Microscopio Electronico", "item_type": "Equipo Tecnológico", "description": "Color blanco, electronico", "image": "items/Microscopio Electronico/image.png", "is_active": true, "with_tax": true, "is_inventoriable": true, "use_in_tests": false, "category": 8, "measure_unit": 2, "model": 17}}, {"model": "inventory.item", "pk": 19, "fields": {"code": "ART00019", "name": "Impresora", "item_type": "Equipo Tecnológico", "description": "Impresora de color blanco HP", "image": "items/default.jpg", "is_active": true, "with_tax": true, "is_inventoriable": true, "use_in_tests": false, "category": 5, "measure_unit": 2, "model": 16}}, {"model": "inventory.item", "pk": 20, "fields": {"code": "ART00020", "name": "Matraz Erlenmeyer", "item_type": "Insumos", "description": "25ml Eisco Lab.", "image": "items/default.jpg", "is_active": true, "with_tax": true, "is_inventoriable": true, "use_in_tests": false, "category": 9, "measure_unit": 2, "model": null}}, {"model": "inventory.item", "pk": 21, "fields": {"code": "ART00021", "name": "Jeringa", "item_type": "Insumos", "description": "10 ml", "image": "items/Jeringa/jeringas-1ccinsulina-grossmed.jpg", "is_active": true, "with_tax": true, "is_inventoriable": true, "use_in_tests": true, "category": 9, "measure_unit": 2, "model": null}}, {"model": "inventory.item", "pk": 22, "fields": {"code": "ART00022", "name": "Anticoagulante Universal (EDTA)", "item_type": "Reactivos", "description": "Solución de EDTA en forma de sal de potasio, altamente efectiva para prevenir la coagulación de la sangre.", "image": "items/Anticoagulante Universal (EDTA)/Anticoagulante_EDTA.jfif", "is_active": true, "with_tax": false, "is_inventoriable": true, "use_in_tests": true, "category": 10, "measure_unit": 7, "model": 20}}, {"model": "inventory.item", "pk": 23, "fields": {"code": "ART00023", "name": "Diluente Hematológico", "item_type": "Reactivos", "description": "Solución isotónica que permite una dilución uniforme de las muestras sanguíneas.", "image": "items/Diluente Hematológico/Diluente_Hematológico.jfif", "is_active": true, "with_tax": false, "is_inventoriable": true, "use_in_tests": true, "category": 10, "measure_unit": 7, "model": 21}}, {"model": "inventory.item", "pk": 24, "fields": {"code": "ART00024", "name": "Lisante 3 Diferenciales", "item_type": "Reactivos", "description": "Contiene agentes químicos que rompen las membranas celulares de los glóbulos rojos sin afectar a los glóbulos blancos.", "image": "items/default.jpg", "is_active": true, "with_tax": true, "is_inventoriable": true, "use_in_tests": true, "category": 10, "measure_unit": 2, "model": 22}}, {"model": "inventory.item", "pk": 25, "fields": {"code": "ART00025", "name": "Recolector de orina", "item_type": "Insumos", "description": "20 ml", "image": "items/Recolector de orina/Envase.jfif", "is_active": true, "with_tax": true, "is_inventoriable": true, "use_in_tests": true, "category": 9, "measure_unit": 2, "model": null}}, {"model": "inventory.item", "pk": 26, "fields": {"code": "ART00026", "name": "Hemoglobina", "item_type": "Reactivos", "description": "Reactivo específico que utiliza métodos colorimétricos para medir la concentración de hemoglobina.", "image": "items/default.jpg", "is_active": true, "with_tax": false, "is_inventoriable": true, "use_in_tests": true, "category": 10, "measure_unit": 2, "model": 23}}, {"model": "inventory.item", "pk": 27, "fields": {"code": "ART00027", "name": "Hematocrito (HCT)", "item_type": "Reactivos", "description": "Incluye reactivos que permiten la separación y medición del volumen de glóbulos rojos en una muestra de sangre.", "image": "items/default.jpg", "is_active": true, "with_tax": false, "is_inventoriable": true, "use_in_tests": true, "category": 10, "measure_unit": 2, "model": 24}}, {"model": "inventory.item", "pk": 28, "fields": {"code": "ART00028", "name": "Tiras Reactivas para Uroanálisis", "item_type": "Reactivos", "description": "Tiras con múltiples almohadillas que reaccionan a diferentes componentes en la orina (pH, glucosa, proteínas, etc.).", "image": "items/default.jpg", "is_active": true, "with_tax": false, "is_inventoriable": true, "use_in_tests": true, "category": 10, "measure_unit": 2, "model": 25}}, {"model": "inventory.item", "pk": 29, "fields": {"code": "ART00029", "name": "Conservante Urinario", "item_type": "Reactivos", "description": "Tubos diseñados con un conservante específico que previene la degradación de los analitos en la orina.", "image": "items/default.jpg", "is_active": true, "with_tax": false, "is_inventoriable": true, "use_in_tests": true, "category": 10, "measure_unit": 2, "model": 26}}, {"model": "inventory.item", "pk": 30, "fields": {"code": "ART00030", "name": "Solución Salina Isotónica", "item_type": "Reactivos", "description": "Solución que imita la composición del líquido corporal, ideal para suspender muestras fecales sin alterar su contenido.", "image": "items/default.jpg", "is_active": true, "with_tax": false, "is_inventoriable": true, "use_in_tests": true, "category": 10, "measure_unit": 2, "model": 27}}, {"model": "inventory.item", "pk": 31, "fields": {"code": "ART00031", "name": "Reactivo de Lugol", "item_type": "Reactivos", "description": "Solución acuosa que contiene yodo, utilizada para teñir muestras fecales.", "image": "items/default.jpg", "is_active": true, "with_tax": false, "is_inventoriable": true, "use_in_tests": true, "category": 10, "measure_unit": 2, "model": 27}}, {"model": "inventory.item", "pk": 32, "fields": {"code": "ART00032", "name": "Solución de Formaldehído", "item_type": "Reactivos", "description": "Solución fijadora que preserva la morfología celular al detener procesos biológicos.", "image": "items/default.jpg", "is_active": true, "with_tax": false, "is_inventoriable": true, "use_in_tests": true, "category": 10, "measure_unit": 2, "model": 27}}]